Event ID,Event time,User name,Event name,Resource type,Resources,AWS access key,AWS region,Error code,Source IP address
23bcd145-0752-4178-a2d8-887e2b32486e,"2020-07-27, 02:33:15 PM",Accountant,ChangePassword,,,,us-east-1,,AWS Internal
b762f2e2-bb0a-40b8-a46b-e7667011cf8d,"2020-07-27, 02:32:57 PM",Accountant,ConsoleLogin,,,,us-east-1,,197.210.8.131
f69581ee-5938-477c-911d-6e0c82e92918,"2020-07-27, 02:31:58 PM",CloudTrail,DescribeEventAggregates,,,,us-east-1,AccessDenied,197.210.8.131
453ea7d7-f27b-455b-a35a-e5c9a548b08f,"2020-07-27, 02:27:57 PM",olajide,ListAccountAliases,,,,us-east-1,,197.210.8.131
24676d47-4b53-4a8b-b0f0-8c913730f8eb,"2020-07-27, 02:27:56 PM",olajide,ListPolicies,,,,us-east-1,,197.210.8.131
792d4e52-8bfc-40a1-a8e1-02d35d16d5f3,"2020-07-27, 02:27:55 PM",olajide,CreateLoginProfile,IAM User,"[{""resourceType"":""AWS::IAM::User"",""resourceName"":""CloudTrail""}]",,us-east-1,,197.210.8.131
ce064c86-c921-4c78-aed9-c766d620137d,"2020-07-27, 02:27:55 PM",olajide,GetAccountPasswordPolicy,,,,us-east-1,,197.210.8.131
07ef05a6-fa82-4da9-8f4f-fa9807375741,"2020-07-27, 02:27:54 PM",olajide,ListGroupsForUser,,,,us-east-1,,197.210.8.131
a3fdd702-fbbb-4bda-b774-98fb4627e72e,"2020-07-27, 02:27:54 PM",olajide,AddUserToGroup,IAM User and 1 more,"[{""resourceType"":""AWS::IAM::User"",""resourceName"":""CloudTrail""},{""resourceType"":""AWS::IAM::Group"",""resourceName"":""CloudTrailAdmins""}]",,us-east-1,,197.210.8.131
ae540aaf-2462-4101-967c-6d858073a46f,"2020-07-27, 02:27:54 PM",olajide,ListUsers,,,,us-east-1,,197.210.8.131
160a2fd6-8b55-4467-ab8e-5ad0b1952c13,"2020-07-27, 02:27:53 PM",olajide,CreateUser,IAM User,"[{""resourceType"":""AWS::IAM::User"",""resourceName"":""AIDAZM2EALSLLUVDZXZOY""},{""resourceType"":""AWS::IAM::User"",""resourceName"":""CloudTrail""},{""resourceType"":""AWS::IAM::User"",""resourceName"":""arn:aws:iam::645998337174:user/CloudTrail""}]",,us-east-1,,197.210.8.131
14ef0e23-0afc-4562-803b-16969bc9f6d7,"2020-07-27, 02:26:57 PM",olajide,ListAttachedGroupPolicies,,,,us-east-1,,197.210.8.131
bbad0930-3018-4fdb-8b56-ad519aed4b5a,"2020-07-27, 02:26:57 PM",olajide,ListAttachedGroupPolicies,,,,us-east-1,,197.210.8.131
f75f1e77-bf74-44e0-ad4a-4cdea8487601,"2020-07-27, 02:26:56 PM",olajide,ListGroups,,,,us-east-1,,197.210.8.131
e40bcbcc-edb2-4b86-bdb8-909e45f069d0,"2020-07-27, 02:26:20 PM",olajide,ListPolicies,,,,us-east-1,,197.210.8.131
c27cd19e-bdb9-4828-81dd-f17cd40d83eb,"2020-07-27, 02:25:59 PM",olajide,ListUsers,,,,us-east-1,,197.210.8.131
91da543c-0ca6-402d-85a6-5444307baab5,"2020-07-27, 02:25:58 PM",olajide,ListUsers,,,,us-east-1,,197.210.8.131
7485810c-9722-471d-8d76-ad5b3d4f50de,"2020-07-27, 02:25:57 PM",olajide,DescribeEventAggregates,,,,us-east-1,,197.210.8.131
e1b94284-fd4f-4468-bedc-b395117ac183,"2020-07-27, 02:25:42 PM",olajide,ListGroups,,,,us-east-1,,197.210.8.131
3e9e8ded-518e-4a5d-8a90-483b31e50885,"2020-07-27, 02:25:41 PM",olajide,CreateGroup,IAM Group,"[{""resourceType"":""AWS::IAM::Group"",""resourceName"":""AGPAZM2EALSLOMT5BWOQP""},{""resourceType"":""AWS::IAM::Group"",""resourceName"":""Reviewers""},{""resourceType"":""AWS::IAM::Group"",""resourceName"":""arn:aws:iam::645998337174:group/Reviewers""}]",,us-east-1,,197.210.8.131
801a6f89-dd6f-4b42-94f0-86e473410fbf,"2020-07-27, 02:25:41 PM",olajide,AttachGroupPolicy,IAM Policy and 1 more,"[{""resourceType"":""AWS::IAM::Policy"",""resourceName"":""arn:aws:iam::aws:policy/job-function/Billing""},{""resourceType"":""AWS::IAM::Group"",""resourceName"":""Reviewers""}]",,us-east-1,,197.210.8.131
dc687486-9f3f-4707-ae15-a1456dcc7936,"2020-07-27, 02:25:34 PM",olajide,ListPolicies,,,,us-east-1,,197.210.8.131
2eafb4fc-7d4b-42d2-b73f-89911a293de7,"2020-07-27, 02:25:16 PM",olajide,ListGroups,,,,us-east-1,,197.210.8.131
4bcb859a-f5a3-4803-be4c-df2bc2295e33,"2020-07-27, 02:25:16 PM",olajide,AttachGroupPolicy,IAM Policy and 1 more,"[{""resourceType"":""AWS::IAM::Policy"",""resourceName"":""arn:aws:iam::aws:policy/AWSCloudTrailFullAccess""},{""resourceType"":""AWS::IAM::Group"",""resourceName"":""CloudTrailAdmins""}]",,us-east-1,,197.210.8.131
8a5426b0-7d7b-47a4-ab82-799ab4dd584e,"2020-07-27, 02:25:16 PM",olajide,CreateGroup,IAM Group,"[{""resourceType"":""AWS::IAM::Group"",""resourceName"":""CloudTrailAdmins""},{""resourceType"":""AWS::IAM::Group"",""resourceName"":""AGPAZM2EALSLORGB5HXEA""},{""resourceType"":""AWS::IAM::Group"",""resourceName"":""arn:aws:iam::645998337174:group/CloudTrailAdmins""}]",,us-east-1,,197.210.8.131
b07ec663-aef9-49a1-882c-f9bf840c9e16,"2020-07-27, 02:25:16 PM",olajide,AttachGroupPolicy,IAM Policy and 1 more,"[{""resourceType"":""AWS::IAM::Policy"",""resourceName"":""arn:aws:iam::aws:policy/AWSCloudTrailReadOnlyAccess""},{""resourceType"":""AWS::IAM::Group"",""resourceName"":""CloudTrailAdmins""}]",,us-east-1,,197.210.8.131
465f8fcc-00d7-44e5-88c2-11b123baddce,"2020-07-27, 02:25:02 PM",olajide,ListPolicies,,,,us-east-1,,197.210.8.131
ddafb74a-8c20-4908-b4aa-7a93a52356e4,"2020-07-27, 02:24:50 PM",olajide,ListGroups,,,,us-east-1,,197.210.8.131
db01be06-3225-4d33-bf9a-7e43334906e5,"2020-07-27, 02:22:33 PM",olajide,GetAccountPasswordPolicy,,,,us-east-1,,197.210.8.131
df40b722-9504-4582-b031-1a60ec37ee2d,"2020-07-27, 02:22:33 PM",olajide,UpdateAccountPasswordPolicy,,,,us-east-1,,197.210.8.131
4311787a-3417-425a-a8a0-8d54e2b377bd,"2020-07-27, 02:21:48 PM",olajide,GetAccountPasswordPolicy,,,,us-east-1,,197.210.8.131
7bd17df4-ceac-4ea2-801e-262a20b7af69,"2020-07-27, 02:21:48 PM",olajide,UpdateAccountPasswordPolicy,,,,us-east-1,,197.210.8.131
7ee3607a-ec61-455b-bed9-dfa1d866c127,"2020-07-27, 02:21:00 PM",olajide,GetAccountPasswordPolicy,,,,us-east-1,NoSuchEntityException,197.210.8.131
8e33e679-cba6-489c-a137-89e0641b0504,"2020-07-27, 02:21:00 PM",olajide,ListAccountAliases,,,,us-east-1,,197.210.8.131
9d865f26-ceb4-4d62-b5c9-6f022dc59666,"2020-07-27, 02:21:00 PM",olajide,GetAccountSummary,,,,us-east-1,,197.210.8.131
a616fd72-e2c9-40de-8dba-a1005927930b,"2020-07-27, 02:21:00 PM",olajide,GetAccountPasswordPolicy,,,,us-east-1,NoSuchEntityException,197.210.8.131
d22eeda9-8a62-4153-9465-2f6a73bee7aa,"2020-07-27, 02:21:00 PM",olajide,ListAccessKeys,,,,us-east-1,,197.210.8.131
2503cb04-930c-4908-b4cf-89816d4e683c,"2020-07-27, 02:20:56 PM",olajide,DescribeEventAggregates,,,,us-east-1,,197.210.8.131
3f18195e-6d44-4fbb-ac17-281d142aa2fd,"2020-07-27, 02:20:56 PM",olajide,ListAccessKeys,,,,us-east-1,,197.210.8.131
5255f5a2-a026-4037-b8b3-1716049bcacc,"2020-07-27, 02:20:56 PM",olajide,ListAccountAliases,,,,us-east-1,,197.210.8.131
83dd43a7-e69b-465f-a075-de2d7fc82943,"2020-07-27, 02:20:56 PM",olajide,GetAccountSummary,,,,us-east-1,,197.210.8.131
ef8446b3-143a-42aa-9c08-7d02f25d21b3,"2020-07-27, 02:20:56 PM",olajide,GetAccountPasswordPolicy,,,,us-east-1,NoSuchEntityException,197.210.8.131
c386acc1-f4a9-4267-996b-832938fd5c40,"2020-07-27, 02:20:50 PM",olajide,DescribeEventAggregates,,,,us-east-1,,197.210.8.131
de63594b-4a51-4937-8608-f177b15a0558,"2020-07-27, 02:20:46 PM",olajide,ConsoleLogin,,,,us-east-1,,197.210.8.131
7a8af7f5-1a9d-4a23-a585-5892baeedf93,"2020-07-27, 02:20:00 PM",root,ListAccessKeys,,,,us-east-1,,197.210.8.131
8ce46aad-7cc0-487b-b3b5-919301063436,"2020-07-27, 02:20:00 PM",root,GetAccountSummary,,,,us-east-1,,197.210.8.131
8e59aecf-3a8f-4889-93e1-443976ce338c,"2020-07-27, 02:20:00 PM",root,GetAccountPasswordPolicy,,,,us-east-1,NoSuchEntityException,197.210.8.131
ab786bed-6495-4de0-8a79-0dbd566b175a,"2020-07-27, 02:20:00 PM",root,GetAccountPasswordPolicy,,,,us-east-1,NoSuchEntityException,197.210.8.131
f28adef6-be02-4846-aee8-c1f42ea26d04,"2020-07-27, 02:20:00 PM",root,ListAccountAliases,,,,us-east-1,,197.210.8.131
0180d4c9-4c41-4f37-8993-73f9ab070ccf,"2020-07-27, 02:19:39 PM",root,ListPolicies,,,,us-east-1,,197.210.8.131
2ff18ce6-3c22-42b8-a0df-9f3a0e9e0106,"2020-07-27, 02:19:33 PM",root,ListAccountAliases,,,,us-east-1,,197.210.8.131
39488a96-60c0-4830-8a04-2ef70dc39817,"2020-07-27, 02:19:33 PM",root,GetAccountPasswordPolicy,,,,us-east-1,NoSuchEntityException,197.210.8.131
c79c6da4-dec6-4ba1-a8ad-e1275875dffa,"2020-07-27, 02:19:33 PM",root,DescribeEventAggregates,,,,us-east-1,,197.210.8.131
dcc45fe3-fa9d-4b47-8a07-78fb5a0484c5,"2020-07-27, 02:19:33 PM",root,ListAccessKeys,,,,us-east-1,,197.210.8.131
fdfaf40d-eacd-4aa7-828e-e289472abe59,"2020-07-27, 02:19:33 PM",root,GetAccountSummary,,,,us-east-1,,197.210.8.131
2b3929e7-e5f8-470e-b933-be72d1286557,"2020-07-27, 02:19:32 PM",root,ListAccountAliases,,,,us-east-1,,197.210.8.131
39bb1d2d-2b1a-4cdf-8e48-bd03e7967839,"2020-07-27, 02:19:32 PM",root,GetAccountPasswordPolicy,,,,us-east-1,NoSuchEntityException,197.210.8.131
71c330b7-18fb-4024-a447-38c7cd10ebb5,"2020-07-27, 02:19:32 PM",root,ListAccessKeys,,,,us-east-1,,197.210.8.131
b9a35b49-5e56-4708-a7f0-e8ae619b3070,"2020-07-27, 02:19:32 PM",root,GetAccountSummary,,,,us-east-1,,197.210.8.131
013fb217-66bc-426e-a028-f99f43afcd80,"2020-07-27, 02:18:40 PM",root,ListPolicies,,,,us-east-1,,197.210.8.131
d7c8fabf-3446-4060-aedc-73aa54db4a20,"2020-07-27, 02:18:40 PM",root,ListAccountAliases,,,,us-east-1,,197.210.8.131
31f18702-46c7-43d1-a670-23732b54aa10,"2020-07-27, 02:18:39 PM",root,GetPolicy,,,,us-east-1,,197.210.8.131
9b6b5f87-329a-4bfa-8520-9eddb16e2b8c,"2020-07-27, 02:18:39 PM",root,GetPolicy,,,,us-east-1,,197.210.8.131
bc051f9a-d723-441d-8419-9dd2990ddf61,"2020-07-27, 02:18:39 PM",root,CreateLoginProfile,IAM User,"[{""resourceType"":""AWS::IAM::User"",""resourceName"":""olajide""}]",,us-east-1,,197.210.8.131
36cf8503-49ca-4a6b-b642-1a2a20c9ea1e,"2020-07-27, 02:18:38 PM",root,ListUsers,,,,us-east-1,,197.210.8.131
a6b2095f-47e8-461d-ad46-69041a36c5db,"2020-07-27, 02:18:38 PM",root,CreateUser,IAM User,"[{""resourceType"":""AWS::IAM::User"",""resourceName"":""olajide""},{""resourceType"":""AWS::IAM::User"",""resourceName"":""AIDAZM2EALSLEXQHRPD5N""},{""resourceType"":""AWS::IAM::User"",""resourceName"":""arn:aws:iam::645998337174:user/olajide""}]",,us-east-1,,197.210.8.131
bec24724-473e-4a0b-9631-2944483711a2,"2020-07-27, 02:18:38 PM",root,AttachUserPolicy,IAM User and 1 more,"[{""resourceType"":""AWS::IAM::User"",""resourceName"":""olajide""},{""resourceType"":""AWS::IAM::Policy"",""resourceName"":""arn:aws:iam::aws:policy/job-function/Billing""}]",,us-east-1,,197.210.8.131
dd314d45-fa5b-484c-be4a-6d74eeea1d26,"2020-07-27, 02:18:38 PM",root,AttachUserPolicy,IAM User and 1 more,"[{""resourceType"":""AWS::IAM::User"",""resourceName"":""olajide""},{""resourceType"":""AWS::IAM::Policy"",""resourceName"":""arn:aws:iam::aws:policy/AdministratorAccess""}]",,us-east-1,,197.210.8.131
6545031f-2412-4900-96a0-e0690ebcd8e2,"2020-07-27, 02:17:28 PM",root,ListGroups,,,,us-east-1,,197.210.8.131
b68dec40-aaac-4c4b-a7c7-4be2e4b8de59,"2020-07-27, 02:16:53 PM",root,GetAccountPasswordPolicy,,,,us-east-1,NoSuchEntityException,197.210.8.131
2d3622d1-7681-4340-b8c7-8a72bcb0b147,"2020-07-27, 02:16:45 PM",root,GetAccountSummary,,,,us-east-1,,197.210.8.131
3cf91e57-ac6e-4de1-8b7e-fd32feb14153,"2020-07-27, 02:16:45 PM",root,ListAccountAliases,,,,us-east-1,,197.210.8.131
a425e282-4c3f-4b7e-bc68-160e1dde9c74,"2020-07-27, 02:16:45 PM",root,GetAccountPasswordPolicy,,,,us-east-1,NoSuchEntityException,197.210.8.131
aef38c06-b5b6-4798-8ed4-67b87b10ca7a,"2020-07-27, 02:16:45 PM",root,ListPolicies,,,,us-east-1,,197.210.8.131
decfd497-356d-4d80-a9b2-db0280a91426,"2020-07-27, 02:16:45 PM",root,ListAccessKeys,,,,us-east-1,,197.210.8.131
5603ee71-5709-4071-b939-851a253902f6,"2020-07-27, 02:16:43 PM",root,ListUsers,,,,us-east-1,,197.210.8.131
ea257b63-8fa7-449a-ac49-011d81ce0453,"2020-07-27, 02:16:43 PM",root,ListUsers,,,,us-east-1,,197.210.8.131
2d7adea2-7148-496b-82b2-53b1b954ff5e,"2020-07-27, 02:16:31 PM",root,ListAccessKeys,,,,us-east-1,,197.210.8.131
a19d8ed2-8635-4b10-bf5b-bcb1f5df0586,"2020-07-27, 02:16:31 PM",root,DescribeEventAggregates,,,,us-east-1,,197.210.8.131
b1425d3c-6b52-4331-be2e-b2ebc8e33daf,"2020-07-27, 02:16:31 PM",root,ListAccountAliases,,,,us-east-1,,197.210.8.131
69387d69-4dda-4455-a663-9f36620c0035,"2020-07-27, 02:16:30 PM",root,GetAccountSummary,,,,us-east-1,,197.210.8.131
e3217fbc-bfa0-479e-be9c-43a3d131a89b,"2020-07-27, 02:16:30 PM",root,GetAccountPasswordPolicy,,,,us-east-1,NoSuchEntityException,197.210.8.131
bca0021f-5836-475a-81f1-09e16323504e,"2020-07-27, 02:16:24 PM",root,ListInvalidations,,,,us-east-1,,197.210.8.131
74036a70-5b78-4e38-ae23-90fc1756fcfb,"2020-07-27, 02:16:15 PM",root,ListInvalidations,,,,us-east-1,,197.210.8.131
be72cc0c-5a22-4682-b994-6e4391211964,"2020-07-27, 02:16:15 PM",root,ListTagsForResource,,,,us-east-1,,197.210.8.131
48a813fd-9259-4049-a6f3-bf7152b09201,"2020-07-27, 02:15:01 PM",root,DescribeEventAggregates,,,,us-east-1,,197.210.8.131
2e258237-29c7-44f5-bb80-611c405735ae,"2020-07-27, 02:11:29 PM",root,ListTagsForResource,,,,us-east-1,,197.210.8.131
893b7b89-94e1-4094-b1c6-33314d1fc90a,"2020-07-27, 02:11:29 PM",root,ListInvalidations,,,,us-east-1,,197.210.8.131
7e542376-d165-40f7-974f-9db84071761b,"2020-07-27, 02:10:00 PM",root,DescribeEventAggregates,,,,us-east-1,,197.210.8.131
9d609a15-1327-457b-9c7f-6281aa5c48ca,"2020-07-27, 02:06:29 PM",root,ListInvalidations,,,,us-east-1,,197.210.8.131
e3e288ab-2a49-48d6-8f80-a29d6ec5b09d,"2020-07-27, 02:06:28 PM",root,ListTagsForResource,,,,us-east-1,,197.210.8.131
48f1a617-da3a-479a-8564-ce87e545339e,"2020-07-27, 02:04:59 PM",root,DescribeEventAggregates,,,,us-east-1,,197.210.8.131
022de074-df49-4531-b19a-97cd5584ecf8,"2020-07-27, 02:01:29 PM",root,ListInvalidations,,,,us-east-1,,197.210.8.131
5ca7fe10-6c0d-49a8-aac2-637f867be24f,"2020-07-27, 02:01:28 PM",root,ListTagsForResource,,,,us-east-1,,197.210.8.131
4917893b-813e-4c65-bfc7-9d0214a08c88,"2020-07-27, 01:59:58 PM",root,DescribeEventAggregates,,,,us-east-1,,197.210.8.131
d9de0459-0755-48bf-9525-f221e7cd6a4f,"2020-07-27, 01:56:27 PM",root,ListInvalidations,,,,us-east-1,,197.210.8.131
3838c203-9d73-4e0c-8c56-53eb96e3a709,"2020-07-27, 01:56:15 PM",root,ListInvalidations,,,,us-east-1,,197.210.8.131
f2cc1d2c-fb7f-4e2f-a304-6c05738492ad,"2020-07-27, 01:56:15 PM",root,ListTagsForResource,,,,us-east-1,,197.210.8.131
7cfc6354-2269-4603-a8e2-3fd8a46c492d,"2020-07-27, 01:54:56 PM",root,DescribeEventAggregates,,,,us-east-1,,197.210.8.131
09397f3c-30f3-482b-ac31-a69669d1cd8d,"2020-07-27, 01:51:29 PM",root,ListInvalidations,,,,us-east-1,,197.210.8.131
055596a4-e667-46ec-ad44-3fc8604f600d,"2020-07-27, 01:51:28 PM",root,ListTagsForResource,,,,us-east-1,,197.210.8.131
e8a24fb2-db19-4078-a72d-81929c0f7e3f,"2020-07-27, 01:49:55 PM",root,DescribeEventAggregates,,,,us-east-1,,197.210.8.131
ba871654-a4da-42dc-a506-62308b98ad0e,"2020-07-27, 01:46:28 PM",root,ListInvalidations,,,,us-east-1,,197.210.8.131
81f94998-c74f-40c0-ab91-e7ce055e7fa8,"2020-07-27, 01:46:02 PM",root,ListInvalidations,,,,us-east-1,,197.210.8.131
f93c52a6-87e9-4a9e-87ce-c0490815d3fe,"2020-07-27, 01:46:01 PM",root,ListTagsForResource,,,,us-east-1,,197.210.8.131
59bda9ac-4a43-41a6-90b5-d5fa5c664307,"2020-07-27, 01:44:54 PM",root,DescribeEventAggregates,,,,us-east-1,,197.210.8.131
28cea849-44dc-402c-ad62-d7ce75541fea,"2020-07-27, 01:41:42 PM",root,ListInvalidations,,,,us-east-1,,197.210.8.131
8fabb0ce-442f-49f3-9944-bd2d12f501ee,"2020-07-27, 01:41:41 PM",root,ListTagsForResource,,,,us-east-1,,197.210.8.131
8c417466-7102-454d-8c79-ebb48acda9e3,"2020-07-27, 01:39:53 PM",root,DescribeEventAggregates,,,,us-east-1,,197.210.8.131
bd1fda26-78d1-4436-913f-e85f71fc0ae7,"2020-07-27, 01:37:21 PM",root,ListInvalidations,,,,us-east-1,,197.210.8.131
cd772e2d-026c-40cf-ad74-7aa6e8b9a102,"2020-07-27, 01:35:48 PM",root,ListInvalidations,,,,us-east-1,,197.210.8.131
02c50163-edb1-4e4d-b0da-18efb632567d,"2020-07-27, 01:35:47 PM",root,ListTagsForResource,,,,us-east-1,,197.210.8.131
413442fa-b369-49fc-8888-e06d54fbd833,"2020-07-27, 01:34:52 PM",root,DescribeEventAggregates,,,,us-east-1,,197.210.8.131
b68f118e-0fc8-45fa-ad14-32eb71090db6,"2020-07-27, 01:32:54 PM",root,ListInvalidations,,,,us-east-1,,197.210.8.131
e218546b-3c06-42db-b7e9-3392b046e4fd,"2020-07-27, 01:32:54 PM",root,ListTagsForResource,,,,us-east-1,,197.210.8.131
61ebc1ed-3de4-4da2-86a4-8672985832ed,"2020-07-27, 01:29:51 PM",root,DescribeEventAggregates,,,,us-east-1,,197.210.8.131
04af370a-071e-4d95-8aaa-4aa84c8dbc2c,"2020-07-27, 01:29:14 PM",root,ListTagsForResource,,,,us-east-1,,197.210.8.131
f7e5bae0-9c4f-4036-8e87-e6b2c426b41e,"2020-07-27, 01:29:14 PM",root,ListInvalidations,,,,us-east-1,,197.210.8.131
34f27712-098f-47d7-9de5-676ad1b86b7c,"2020-07-27, 01:25:34 PM",root,ListTagsForResource,,,,us-east-1,,197.210.8.131
89781ad9-f368-474b-a2fb-b24776eedb81,"2020-07-27, 01:25:34 PM",root,ListInvalidations,,,,us-east-1,,197.210.8.131
a6e5119a-0c15-4f2b-8dd4-f6dbf403f4fd,"2020-07-27, 01:24:50 PM",root,DescribeEventAggregates,,,,us-east-1,,197.210.8.131
e98fb2d4-ca9d-45b2-a7d5-bff1435555fa,"2020-07-27, 01:22:01 PM",root,ListInvalidations,,,,us-east-1,,197.210.8.131
e867c877-ac1c-4784-930e-350a326226a4,"2020-07-27, 01:22:00 PM",root,ListTagsForResource,,,,us-east-1,,197.210.8.131
2ef39419-0140-481b-b98f-1e6c2f41fe53,"2020-07-27, 01:19:49 PM",root,DescribeEventAggregates,,,,us-east-1,,197.210.8.131
ae2e2048-2005-4910-b674-37e375d71830,"2020-07-27, 01:18:44 PM",root,ListTagsForResource,,,,us-east-1,,197.210.8.131
ed0ed4cd-bbe2-4bb8-a021-de5c3e711eb5,"2020-07-27, 01:18:44 PM",root,ListInvalidations,,,,us-east-1,,197.210.8.131
6daed3f1-0912-4521-a0ca-85c8ddea2bf3,"2020-07-27, 01:16:19 PM",root,ListInvalidations,,,,us-east-1,,197.210.8.131
512efb27-8f0a-4428-b5bc-ba6d66173561,"2020-07-27, 01:15:19 PM",root,ListTagsForResource,,,,us-east-1,,197.210.8.131
a07ec8dd-bc6f-4251-8d79-8ac078fd401d,"2020-07-27, 01:14:47 PM",root,DescribeEventAggregates,,,,us-east-1,,197.210.8.131
4c04b15a-82d8-430b-a5a9-36aa5fc128b7,"2020-07-27, 01:13:53 PM",root,ListInvalidations,,,,us-east-1,,197.210.8.131
8125901b-d7ca-41b8-9bb5-fcbbecac9382,"2020-07-27, 01:12:25 PM",root,ListInvalidations,,,,us-east-1,,197.210.8.131
0fae7431-8d63-4a3c-801c-f7894d54f29f,"2020-07-27, 01:12:04 PM",root,ListTagsForResource,,,,us-east-1,,197.210.8.131
6b157f3a-76ea-42b8-822a-1fa2e21923d7,"2020-07-27, 01:12:04 PM",root,ListInvalidations,,,,us-east-1,,197.210.8.131
e8819c1b-261d-439f-a4e1-c437a0d96c16,"2020-07-27, 01:11:20 PM",root,ListInvalidations,,,,us-east-1,,197.210.8.131
0983acf7-ceda-4993-8e45-a400922cffc3,"2020-07-27, 01:11:05 PM",root,ListInvalidations,,,,us-east-1,,197.210.8.131
bbb3a7d8-8fee-4448-a3d7-01e2d41bbdac,"2020-07-27, 01:10:44 PM",root,ListInvalidations,,,,us-east-1,,197.210.8.131
eb46d1fd-68d3-4ae3-8e1a-bcff8a5a37cd,"2020-07-27, 01:10:30 PM",root,ListInvalidations,,,,us-east-1,,197.210.8.131
2f07988e-8305-4485-8446-cff260f2969d,"2020-07-27, 01:10:15 PM",root,ListInvalidations,,,,us-east-1,,197.210.8.131
13410df6-8ecb-4fd4-8650-fdd8f3f6abd7,"2020-07-27, 01:10:05 PM",root,ListInvalidations,,,,us-east-1,,197.210.8.131
530ccf7b-785e-4f0e-8bf4-bd249bec4f0b,"2020-07-27, 01:10:04 PM",root,ListTagsForResource,,,,us-east-1,,197.210.8.131
15d3607f-74ce-41bc-827b-3c53ee48ecf7,"2020-07-27, 01:09:46 PM",root,DescribeEventAggregates,,,,us-east-1,,197.210.8.131
efcb1d6d-ea31-4bc4-adf2-23da2a36a565,"2020-07-27, 01:08:50 PM",root,ListInvalidations,,,,us-east-1,,197.210.8.131
fb975fb9-01a2-415b-9db4-675f644bc1ea,"2020-07-27, 01:07:14 PM",root,ListInvalidations,,,,us-east-1,,197.210.8.131
3e88e472-e17b-4bba-b230-8865b1738f5d,"2020-07-27, 01:05:21 PM",root,ListInvalidations,,,,us-east-1,,197.210.8.131
c3763e2a-e4b9-42d0-bffc-40cdbc6a570a,"2020-07-27, 01:05:20 PM",root,ListTagsForResource,,,,us-east-1,,197.210.8.131
4b0e8642-5fd3-486b-b3cb-070b883618aa,"2020-07-27, 01:04:45 PM",root,DescribeEventAggregates,,,,us-east-1,,197.210.8.131
56155338-ddf0-4617-b76b-09d6eae30ddd,"2020-07-27, 01:02:01 PM",root,ListInvalidations,,,,us-east-1,,197.210.8.131
eb0ae54a-b4b3-4d2e-b633-c486bc38610f,"2020-07-27, 01:02:00 PM",root,ListTagsForResource,,,,us-east-1,,197.210.8.131
5cd83616-d6db-4f2d-90cf-da5abdb14ac4,"2020-07-27, 12:59:44 PM",root,DescribeEventAggregates,,,,us-east-1,,197.210.8.131
33898527-f5d7-4e07-8784-55ff48800bc2,"2020-07-27, 12:58:41 PM",root,ListInvalidations,,,,us-east-1,,197.210.8.131
441f1172-77fe-462e-b5ce-42763e8d3107,"2020-07-27, 12:58:40 PM",root,ListTagsForResource,,,,us-east-1,,197.210.8.131
b29a79cc-90d1-4b6c-b723-a7612d7e053c,"2020-07-27, 12:55:21 PM",root,ListInvalidations,,,,us-east-1,,197.210.8.131
63e5778a-fc7b-42ed-9e49-9d697effdc92,"2020-07-27, 12:55:20 PM",root,ListTagsForResource,,,,us-east-1,,197.210.8.131
bf091620-dcbf-4951-8b1d-ca52aa483ec5,"2020-07-27, 12:54:43 PM",root,DescribeEventAggregates,,,,us-east-1,,197.210.8.131
c48a501c-ed7c-4a24-b820-bdc8276ff54d,"2020-07-27, 12:52:00 PM",root,ListInvalidations,,,,us-east-1,,197.210.8.131
0b9535e1-c8b4-46a1-b725-c2ab5dca1b51,"2020-07-27, 12:50:41 PM",root,ListInvalidations,,,,us-east-1,,197.210.8.131
2116e126-b1dd-4a8e-b08a-7353d924ee87,"2020-07-27, 12:50:03 PM",root,ListTagsForResource,,,,us-east-1,,197.210.8.131
7cd9c3e0-fba7-4cc4-9865-3df04d819345,"2020-07-27, 12:49:42 PM",root,DescribeEventAggregates,,,,us-east-1,,197.210.8.131
8cbc7294-436e-4abe-9acc-33877361793e,"2020-07-27, 12:48:53 PM",root,ListInvalidations,,,,us-east-1,,197.210.8.131
e7791a40-c6ad-4f63-9c57-59a8927b75b0,"2020-07-27, 12:48:28 PM",root,ListInvalidations,,,,us-east-1,,197.210.8.131
464d22c3-9691-436c-9812-0bc46c73b269,"2020-07-27, 12:47:40 PM",root,ListInvalidations,,,,us-east-1,,197.210.8.131
2c5d548f-b997-41f9-8440-1f9437d0b359,"2020-07-27, 12:47:34 PM",root,ListTagsForResource,,,,us-east-1,,197.210.8.131
3568d6ad-0a95-426b-a171-9961f445342f,"2020-07-27, 12:47:08 PM",root,ListInvalidations,,,,us-east-1,,197.210.8.131
df9ddbb9-6776-4e44-ac30-4d7823851e71,"2020-07-27, 12:46:50 PM",root,ListInvalidations,,,,us-east-1,,197.210.8.131
08e7ccff-6ae3-42e8-95fd-5efd6f474112,"2020-07-27, 12:46:31 PM",root,ListInvalidations,,,,us-east-1,,197.210.8.131
c88604a8-b5b0-45aa-a97f-7e22e9b58ead,"2020-07-27, 12:46:19 PM",root,ListInvalidations,,,,us-east-1,,197.210.8.131
1f3ee701-0401-407c-8c05-11c845ca08bd,"2020-07-27, 12:46:11 PM",root,ListInvalidations,,,,us-east-1,,197.210.8.131
9ad1f3d7-270e-47d8-b9c1-bf3e9ed90bd1,"2020-07-27, 12:45:34 PM",root,ListTagsForResource,,,,us-east-1,,197.210.8.131
d27a6a81-d9d7-48c9-9dee-52bd8508dbe5,"2020-07-27, 12:45:27 PM",root,ListInvalidations,,,,us-east-1,,197.210.8.131
a2555077-d767-4316-a979-57cfe42f0201,"2020-07-27, 12:45:06 PM",root,ListInvalidations,,,,us-east-1,,197.210.8.131
c7e0d010-42f7-42d7-9ad4-ba7be8fb1588,"2020-07-27, 12:44:47 PM",root,ListInvalidations,,,,us-east-1,,197.210.8.131
b9c7d93c-606f-40b3-b859-d33d02b7f2b7,"2020-07-27, 12:44:41 PM",root,DescribeEventAggregates,,,,us-east-1,,197.210.8.131
ac221a02-ebe9-4a81-b42f-2a325b82d152,"2020-07-27, 12:44:34 PM",root,ListInvalidations,,,,us-east-1,,197.210.8.131
f436f5eb-e86c-4917-a8ec-dfe8e0961180,"2020-07-27, 12:44:19 PM",root,ListInvalidations,,,,us-east-1,,197.210.8.131
fabd8c5b-8b49-4dfc-9924-bd0b6f2a8ecc,"2020-07-27, 12:43:32 PM",root,ListTagsForResource,,,,us-east-1,,197.210.8.131
38929c11-e80f-4ea0-9887-19a4f3b2138b,"2020-07-27, 12:43:25 PM",root,ListInvalidations,,,,us-east-1,,197.210.8.131
8c756e21-fc39-422a-bd59-3c31767f13fe,"2020-07-27, 12:42:53 PM",root,ListInvalidations,,,,us-east-1,,197.210.8.131
ac4846b6-b7df-4f19-aa70-18283050b9ca,"2020-07-27, 12:42:26 PM",root,ListInvalidations,,,,us-east-1,,197.210.8.131
387d637b-d380-485d-81fd-9b0a7cac6b77,"2020-07-27, 12:42:12 PM",root,ListInvalidations,,,,us-east-1,,197.210.8.131
6fcec13d-6e4d-49f6-a9da-c1ce7cf186ba,"2020-07-27, 12:41:59 PM",root,ListInvalidations,,,,us-east-1,,197.210.8.131
ebe61324-9af3-4381-bd56-71b6a147eb8b,"2020-07-27, 12:41:49 PM",root,ListInvalidations,,,,us-east-1,,197.210.8.131
8bbb080f-9637-48f4-ad9e-466b20cd96c1,"2020-07-27, 12:41:33 PM",root,ListInvalidations,,,,us-east-1,,197.210.8.131
a0c00acd-4da5-4354-8a42-edca8ce1f0a1,"2020-07-27, 12:41:33 PM",root,ListTagsForResource,,,,us-east-1,,197.210.8.131
2570480b-e20f-4032-8340-8f028174cdf7,"2020-07-27, 12:39:39 PM",root,DescribeEventAggregates,,,,us-east-1,,197.210.8.131
41cd74ad-ef41-4881-86ea-501d2d4a52ac,"2020-07-27, 12:38:53 PM",root,ListInvalidations,,,,us-east-1,,197.210.8.131
eb7a7544-9c8e-4505-94cc-65def890f1a4,"2020-07-27, 12:38:09 PM",root,ListInvalidations,,,,us-east-1,,197.210.8.131
8dc77c12-509e-443d-9fc4-8240ec215ed5,"2020-07-27, 12:36:55 PM",root,ListTagsForResource,,,,us-east-1,,197.210.8.131
6496446e-143e-4bbb-97f3-e927e275c29c,"2020-07-27, 12:35:09 PM",root,ListInvalidations,,,,us-east-1,,197.210.8.131
37429118-90f6-45a8-babb-31170957cef2,"2020-07-27, 12:34:54 PM",root,ListTagsForResource,,,,us-east-1,,197.210.8.131
69347a77-aa44-4b1b-bc8d-03042275a7a4,"2020-07-27, 12:34:38 PM",root,DescribeEventAggregates,,,,us-east-1,,197.210.8.131
6ef55cf7-1741-4b97-a442-ad6e954ed92b,"2020-07-27, 12:33:33 PM",root,ListInvalidations,,,,us-east-1,,197.210.8.131
7fef8fb6-ab51-4599-99df-9389e9e938dc,"2020-07-27, 12:32:55 PM",root,ListTagsForResource,,,,us-east-1,,197.210.8.131
3364897a-da83-46c7-8d6b-9c6fdd606b4f,"2020-07-27, 12:30:54 PM",root,ListTagsForResource,,,,us-east-1,,197.210.8.131
cf12bc96-f43b-42ea-bc1d-bf208bc11b10,"2020-07-27, 12:30:53 PM",root,ListInvalidations,,,,us-east-1,,197.210.8.131
b3582f49-84b9-4b26-ae82-3a45761fdb9d,"2020-07-27, 12:30:06 PM",root,ListInvalidations,,,,us-east-1,,197.210.8.131
442ab60f-ef16-45e1-9eda-8df5fdc6e292,"2020-07-27, 12:29:35 PM",root,DescribeEventAggregates,,,,us-east-1,,197.210.8.131
7ca0a4c1-a072-4d11-bdd8-69d57a22b158,"2020-07-27, 12:28:55 PM",root,ListTagsForResource,,,,us-east-1,,197.210.8.131
0acc7b0c-8f06-4e28-a660-5a58a691257e,"2020-07-27, 12:28:11 PM",root,ListInvalidations,,,,us-east-1,,197.210.8.131
becfff76-e929-43fb-8dae-08e4c547f7a2,"2020-07-27, 12:27:32 PM",root,ListInvalidations,,,,us-east-1,,197.210.8.131
6acc1a3b-28e2-4ad5-89ad-51b88cb7edd3,"2020-07-27, 12:26:54 PM",root,ListTagsForResource,,,,us-east-1,,197.210.8.131
7e4644bf-385a-4ab7-9364-fcae23c2dc4c,"2020-07-27, 12:26:42 PM",root,ListInvalidations,,,,us-east-1,,197.210.8.131
4992ddc9-2bb2-49ca-be7c-2ce763fab83e,"2020-07-27, 12:26:13 PM",root,ListInvalidations,,,,us-east-1,,197.210.8.131
1c2b0deb-fb5c-48a7-bff5-3abccdf36931,"2020-07-27, 12:26:00 PM",root,ListInvalidations,,,,us-east-1,,197.210.8.131
c496b206-bc10-4f71-8a9d-ab3a9dfcc452,"2020-07-27, 12:25:50 PM",root,ListInvalidations,,,,us-east-1,,197.210.8.131
41009faa-8e9a-455d-a626-b2b621d499f7,"2020-07-27, 12:25:40 PM",root,ListInvalidations,,,,us-east-1,,197.210.8.131
d2833e30-fb08-4dd6-84fe-c45aa29c5489,"2020-07-27, 12:25:24 PM",root,ListInvalidations,,,,us-east-1,,197.210.8.131
24637ac3-c81b-4a6c-b8f0-1eb3d583beb7,"2020-07-27, 12:25:14 PM",root,ListInvalidations,,,,us-east-1,,197.210.8.131
273f68c5-6f50-4055-b47f-80b6271a1e30,"2020-07-27, 12:25:04 PM",root,ListInvalidations,,,,us-east-1,,197.210.8.131
372e458c-8045-47b6-9ad4-09eb2734f5e1,"2020-07-27, 12:24:54 PM",root,ListWebACLs,,,,us-east-1,,197.210.8.131
43c45e76-2b1b-41dc-9dfa-41d57b7b95f5,"2020-07-27, 12:24:54 PM",root,ListServerCertificates,,,,us-east-1,,197.210.8.131
4d2a6c9c-0846-422a-8a13-9d8efab0fa4f,"2020-07-27, 12:24:54 PM",root,ListTagsForResource,,,,us-east-1,,197.210.8.131
6dfa335d-3ea9-47b6-82db-493ce9fd1915,"2020-07-27, 12:24:54 PM",root,ListWebACLs,,,,us-east-1,,197.210.8.131
9d1bf78e-f5f2-4486-beab-05e4ea52d441,"2020-07-27, 12:24:54 PM",root,ListInvalidations,,,,us-east-1,,197.210.8.131
acb83463-e612-4fe5-a699-214c38a69afc,"2020-07-27, 12:24:54 PM",root,ListCertificates,,,,us-east-1,,197.210.8.131
f6b9f845-77b0-4474-9c51-c4227e0f97b4,"2020-07-27, 12:24:54 PM",root,GetDistribution,,,,us-east-1,,197.210.8.131
2d249286-9762-4dfe-94f8-ab598f4490da,"2020-07-27, 12:24:36 PM",root,ListCertificates,,,,us-east-1,,197.210.8.131
51dd7aaa-995f-4b38-9cca-66d2cb42e169,"2020-07-27, 12:24:36 PM",root,ListStreamingDistributions,,,,us-east-1,,197.210.8.131
77bc82c6-df76-46de-b1ae-60ebc5382b48,"2020-07-27, 12:24:36 PM",root,ListDistributions,,,,us-east-1,,197.210.8.131
86f71215-5c70-4cf2-901a-016eaf796209,"2020-07-27, 12:24:36 PM",root,ListServerCertificates,,,,us-east-1,,197.210.8.131
a53896d7-186f-4b2c-9ea0-dc8df9e7d2fa,"2020-07-27, 12:24:36 PM",root,ListServerCertificates,,,,us-east-1,,197.210.8.131
b764a59b-6a6c-4364-aaa5-fbcd011b48f3,"2020-07-27, 12:24:36 PM",root,ListCertificates,,,,us-east-1,,197.210.8.131
f873b790-71e4-4e25-8f5c-9642230780ca,"2020-07-27, 12:24:36 PM",root,ListDistributions,,,,us-east-1,,197.210.8.131
fc98f0bb-6998-484c-9bda-97f88233787b,"2020-07-27, 12:24:36 PM",root,ListStreamingDistributions,,,,us-east-1,,197.210.8.131
f19b92d5-cf19-4573-a561-4db7abaecec8,"2020-07-27, 12:24:35 PM",root,ListDistributions,,,,us-east-1,,197.210.8.131
c19a41e4-bea3-4275-80c0-e67f53f6a030,"2020-07-27, 12:24:34 PM",root,DescribeEventAggregates,,,,us-east-1,,197.210.8.131
2aec0ebb-2634-4df6-b7ef-2a2164aa9db2,"2020-07-27, 12:23:38 PM",root,DescribeEventAggregates,,,,us-east-1,,197.210.8.131
5a776e29-7693-4a8d-b3d4-4cdcdf0f4c4f,"2020-07-27, 12:23:22 PM",root,DescribeEventAggregates,,,,us-east-1,,197.210.8.131
de812fc9-982c-4ba5-b1c1-bbb52a5caaf5,"2020-07-27, 12:01:59 PM",root,DescribeEventAggregates,,,,us-east-1,,197.210.8.131
0eb0357a-f35b-4054-8785-766fa77f5bc1,"2020-07-27, 12:01:57 PM",root,DescribeRegions,,,,us-east-1,,197.210.8.131